{"type": "metrics", "dataset": "train", "precision": 0.9551302165045498, "balanced_accuracy": 0.817586333127546, "recall": 0.6439602284747197, "f1_score": 0.7692696487237807}
{"type": "metrics", "dataset": "test", "precision": 0.6540722082283795, "balanced_accuracy": 0.6749826158022487, "recall": 0.40806705081194344, "f1_score": 0.5025806451612903}
{"type": "cm_matrix", "dataset": "train", "true_0": {"predicted_0": 16130, "predicted_1": 143}, "true_1": {"predicted_0": 1683, "predicted_1": 3044}}
{"type": "cm_matrix", "dataset": "test", "true_0": {"predicted_0": 6679, "predicted_1": 412}, "true_1": {"predicted_0": 1130, "predicted_1": 779}}
